area_sqft,bedrooms,bathrooms,parking,age_years,location,price
800,2,1,0,15,Chennai,3500000
1000,2,2,1,10,Chennai,4800000
1200,3,2,1,8,Chennai,6200000
1500,3,2,1,5,Chennai,7800000
1800,3,3,2,3,Chennai,9500000
2200,4,3,2,2,Chennai,12500000
900,2,1,1,12,Bangalore,4500000
1100,2,2,1,8,Bangalore,5800000
1400,3,2,1,6,Bangalore,7500000
1700,3,3,2,4,Bangalore,9200000
2000,4,3,2,3,Bangalore,11500000
2500,4,4,2,1,Bangalore,15000000
750,1,1,0,18,Coimbatore,2800000
1000,2,2,1,12,Coimbatore,4000000
1300,3,2,1,7,Coimbatore,5500000
1600,3,3,2,5,Coimbatore,7000000
1900,4,3,2,3,Coimbatore,8500000
2200,4,4,2,2,Coimbatore,10500000
850,2,1,0,15,Madurai,3000000
1100,2,2,1,10,Madurai,4200000
1400,3,2,1,7,Madurai,5600000
1700,3,3,2,5,Madurai,6800000
2000,4,3,2,3,Madurai,8200000
2300,4,4,2,2,Madurai,10000000
